;;;;;;;;;;;;0;;;;;;Цели и приоритеты;;Планирует в течение дня;;;;;;;;Правильно определяет категорию Не фиксированных по времени задач при планировании;;;;;;;Правильно учитывает категорию фиксированной по времени задачи при планировании (встречи, совещания);;;Выполнять НЕ фиксированные по времени задачи  с учетом их категорий;;;;;;;;Выполнять фиксированные по времени задачи  с учетом их категорий;;;;Следует плану при выполнении задач;Завершает выполнение задачи (держит приоритет);;;;Исходя из цели (задачи) коммуникации выбирать наилучший способ (канал) коммуникации;;;;;;;Управлять количеством и периодами временем, затраченными на почту;;;Эффективно обрабатывать входящие письма;;;;;;Создавать сообщения, информативные и экономные для себя, коллег и партнеров;;;;Управлять количеством и периодами времени, затраченного на звонки;;Правильно принимать входящие звонки;;;Эффективно обрабатывать входящие звонки;;Управлять количеством и периодами времени, затраченного на встречи;;;Правильно принимать посетителей;;;Эффективно обрабатывать результаты встречи;;;Управлять количеством и периодами времени, затраченного на IM;;;;;Эффективно обрабатывать сообщения IM;;;Использовать делегирование как инструмент управления своим временем и объемом выполненных задач;;;;;;;Правильно управляет ресурсами различной квалификации;;Использует обратную связь как инструмент мотивации и обучения сотрудников;;;Делегировать сотруднику, наиболее подходящему для выполнения задачи;;Легко включается в работу из стрессовой ситуации ;;Следует приоритетам при статусном и эмоциональном воздействии;;;Внимательность и концентрация;Ответственность;;;Принимает решения;;;Скорость принятия решений;Обоснованность принимаемых решений;;;Результатоориентированность;;;;;;
№;дата отправки;время отправки;От кого (код);От кого (текст);Кому (код);Кому (текст);Копия (код);Копия (текст) ;тема;Письмо;Вложение;категория задачи;нужен ответ (М) и письмо (MS);конструктор/текст (только для MS);что тестируем в тексте письма;Ожидаются действия;Задержка прихода письма (минут от времени, когда была инициирована отправка);1122;1232;214a1;214a2;214a3;214a4;214a5;214a6;214a7;214a8;214b1;214b2;214b3;214b4;214b5;214b6;214b7;214c1;214c2;214c3;214d8;214d1;214d2;214d3;214d4;214d5;214d6;214d7;214e1;214e2;214e3;214e4;214f1;214g1;214g2;214g3;214g4;3214;3216;3218;32110;32112;32113;32114;3311;3312;3313;3322;3323;3324;3325;3326;3327;3331;3332;3333;3335;341a1;341a8;341b1;341b5;341b7;341c1;341c2;351a1;351a2;351a4;351b1;351b2;351b3;351c1;351c2;351c3;371a1;371a2;371a3;371a4;371a5;371b1;371b2;371b3;4121;4122;4123;4124;4125;4126;4127;4141;4143;4151;4152;4153;4134;4135;7141;7143;7211;7212;7213;8111;8211;8212;8213;8331;8332;8333;8351;8341;8342;8343;8361;8362;8363;;3322 OR 3323;;3326 OR 3327
MY1;03.10.2012;10:32;4;аналитик 2;1;герой;0;0;По ценовой политике;"Добрый день! 

Я немного с опережением сделала работу по ценовой политике (вчера выдался свободный вечер). Мне кажется, что я отразила все мысли, которые мы обсуждали на установочной встрече. Будет время в отпуске - посмотрите. 

С уважением, Марина Крутько  
Аналитик Отдела аналитики";D14;3;N;;;;;;;;;;;;;;;;;;;;;;;;;;;;;;;;;;;;;;;;;;;;;;;;;;;;;;;;;;;;;;;;;;;;;;;;;;;;;;;;;;;;;;;;;;;;;;;;;;;;;;;;;;;;;;;;;;;;;;;;0;;0
MY2;03.10.2012;11:02;11;нач.производства;1;герой;0;0;Форма отчетности для производства;"Доброго вам времени суток! 
Производственный отдел просит вас рассмотреть возможность внесения изменеий в текущую форму отчетности по объемам производства и производственным мощностям. На текущий момент в отчетности не достает развернутого анализа остатков на всех наших складах, включая торговые. Это приводит к тому, что мы периодически производим товар, который уже есть в регионах. Логисты говорят, что вполне могли бы обеспечить перебросу товара из одного региона в другой. Таким образом, нам удалось бы сэкономить на производственных издержках без снижения объемов продаж. Прошу вас оценить сроки, тродоемкость и наличие возможности добавить в производственный отчет данные по складским остаткам.
Заранее благодарю, Бобр В.,  
Нач. производственного отдела.";0;3;N;;;;;;;;;;;;;;;;;;;;;;;;;;;;;;;;;;;;;;;;;;;;;;;;;;;;;;;;;;;;;;;;;;;;;;;;;;;;;;;;;;;;;;;;;;;;;;;;;;;;;;;;;;;;;;;;;;;;;;;;0;;0
MY3;28.09.2012;18:45;13;Директор по персоналу;1;герой;38;все менеджеры;Новая система мотивации;"Коллеги, добрый день!        
После нескольких продуктивных совещаний с вами (отдельное спасибо Федорову А. за регулярное участие!) мы подготовили итоговую версию системы мотивации для менеджеров первого и второго уровня. Мы планируем вводить ее в действие с начала 02 года (именно она и будет забюджетирована). Ждем ваших окончательных комментариев и корректировок. Если не участвуете в обсуждении - потом не сетуйте на то, что система была принята без вашего весомого голоса! Благодарю за оперативность! 
С наилучшими пожеланиями, Людовкина С.";D15;3;N;;;;;;;;;;;;;;;;;;;;;;;;;;;;;;;;;;;;;;;;;;;;;;;;;;;;;;;;;;;;;;;;;;;;;;;;;;;;;;;;;;;;;;;;;;;;;;;;;;;;;;;;;;;;;;;;;;;;;;;;0;;0
MY4;01.10.2012;16:30;18;Юрист;1;герой;38;все менеджеры;Трудовой договор;"Коллеги! В связи с изменениями трудового законодательства юридический отдел вынужден внести в трудовой договор, действующий в данный момент в компании как основной, ряд корректив. Просим вас ознакомиться с ними и донести до своих сотрудников, что с 01 января 02 года будет запущена кампания по подписанию такого варианта трудового договора со всеми актуальными и вновь пришедшими сотрудниками компании. Просим отнестить к этой работе со всей ответственностью и должным вниманием. 
С уважением, Адвокатов Ю.";D16;4;N;;;;;;;;;;;;;;;;;;;;;;;;;;;;;;;;;;;;;;;;;;;;;;;;;;;;;;;;;;;;;;;;;;;;;;;;;;;;;;;;;;;;;;;;;;;;;;;;;;;;;;;;;;;;;;;;;;;;;;;;0;;0
M1;04.10.2012;15:30;9;директор по продажам;1,2,11,12;герою, фин.диру, нач.отдела производства, нач.отдела логистики;0;0;срочно! Отчетность;"Добрый день, коллеги! 
Я, как всегда, по срочному вопросу. Ни у кого ведь нет сомнений, что продажи крайне важны для компании?! Судя по тому, как у нас работает аналитически отдел - этот приоритет ему не ясен. Дело в том, что у нас регулярно запаздвает отчетность, я так работать не могу - данные приходят тогда, когдя я уже все продала, и планировать поздно. Таким образом, я и мои люди постоянно действуем вслепую!  И это по трем тысячам клиентов!  Какие у вас есть мнения, что с этим делать. ";0;3;R;ответить всем и предложить встретиться для обсуждения этого вопроса;канал коммуникаций - цель встречи и кол-во участников;MS40;;;;;;;;;;;;;;;;;;;;;;;;;;;;;;;;;;;;;;;;;;;;;;;;;0;1;;;;;;;;;;;;;;;;;;;;;;;;;;;;;;;;;;;;;;;;;;;;;;;;;;;;;;;;;;;;;;;;;;;1;;0
M2;04.10.2012;14:05;9;директор по продажам;1,2,11,12;герою, фин.диру, нач.отдела производства, нач.отдела логистики;0;0;срочно! Требования клиентов;"Без комментариев - читайте сами!  Прошу ответ срочно!
Директор по продажам Скоробей А.М.     

Fwd:
 Уважаемая Алевтина Михайловна! Несколько раз обращался к вашим менеджерам, но воз и ныне там.  Нам очень не удобно работать с вашим текущим прайс-листом! Формат, выбранный вами, не позволяет закачивать цены автоматически и все приходится вбивать вручную. Это серьезно замедляет приемку товара и постановку его в продажи! Хочу отметить, что у всех ваших конкурентов прайс-листы сделаны современым способом и не требуют от нас таких трудозатрат. 

Прошу вас решить эту проблему как можно скорее, иначе со следующего месяца нам придется выставлять вам счет за работу людей, вбивающих ваши цены в нашу систему. 

С уважением, Горбатюк Е.Д. 
Директор ООО ""Луч""";0;3;R;предложить директору по продажам выяснить у других клиентов - так ли это у всех, если да, то выносить на общее обсуждение с участием наших ИТ-ков;соотношение сложно\срочно, правильный выбор канала коммуникации;МS52;;;;;;;;;;;;;;;;;;;;;;;;;;;;;;;;;;;;;;;;;;;;;;;;;0;1;;;;;;;;;;;;;;;;;;;;;;;;;;;;;;;;;;;;;;;;;;;;;;;;;;;;;;;;;;;;;;;;;;;1;;0
M3;04.10.2012;13:30;13;Директор по персоналу;1;герой;0;0;твои аналитики;"Алексей! 
Я засекла всех твоих аналитиков на ресурсе по поиску работы. Даже новенького. Ну он еще пока может и не снимал своего объявления - ждет окончания испытательного срока, но вот другие… Что ты с ними делаешь? Бьешь что-ли? Тебе надо с ними поговорить. Я тебе трех аналитиков за 2 дня не найду!  
Всего доброго, Людовкина С.";0;2;N;Занести разговор с аналитиками в план на завтра;распознал и определил категорию задачи;P22;;;;;;;;;;;;;;;;;;;;;;;;;;;;;;;;;;;;;;;;;;;;;;;;;1;0;;;;;;;;;;;;;;;;;;;;;;;;;;;;;;;;;;;;;;;;;;;;;;;;;;;;;;;;;;;;;;;;;;;1;;0
M4;04.10.2012;12:01;8;Директор по развитию;1;герой;0;0;предложения;Привет, Леша! У нас началась подготовка к годовой стратегической сессии. Ты вечно не доволен форматом нашей презентации, которую заполняют все подразделения для отчета и планов. Шли свои предложения заранее, чтобы ничего не переделывать в пожарном режиме. Удачи, Олег;0;3;N;занести задачу по подготовке замечаний в план на после отпуска;распознал и определил категорию задачи;P20;;;;;;;;;;;;;;;;;;;;;;;;;;;;;;;;;;;;;;;;;;;;;;;;;1;0;;;;;;;;;;;;;;;;;;;;;;;;;;;;;;;;;;;;;;;;;;;;;;;;;;;;;;;;;;;;;;;;;;;1;;0
M5;04.10.2012;12:50;16;Отдел кадров;37;все в офисе;0;;график отпусков срочно!;"Срочно! Подготовить и переслать график отпусков на следующий год. Кто не шлет - в отпуск не идет!  
Отдел кадров.";0;4;W;занести в план на после отпуска ;распознал и определил категорию задачи;P21;;;;;;;;;;;;;;;;;;;;;;;;;;;;;;;;;;;;;;;;;;;;;;;;;1;0;;;;;;;;;;;;;;;;;;;;;;;;;;;;;;;;;;;;;;;;;;;;;;;;;;;;;;;;;;;;;;;;;;;1;;0
M6;04.10.2012;11:02;7;Ассистент ГД;37;все в офисе;0;;консультанты и новый проект;"Внимание! Важно!
 
У нас начали работу консультанты по стратегии. Проект большой и важный, требует участия каждого! Просьба всем, как можно скорее, согласовать свои встречи с консультантами! 

Это просьба Генерального Директора. 

С уважением, ассистент ГД Долгова Н.Т.";0;4;W;игнорировать;распознал и определил категорию задачи;;;;;;;;;;;;;;;;;;;;;;;;;;;;;;;;;;;;;;;;;;;;;;;;;;0;0;;;;;;;;;;;;;;;;;;;;;;;;;;;;;;;;;;;;;;;;;;;;;;;;;;;;;;;;;;;;;;;;;;;0;;0
M7;04.10.2012;11:40;14;Нач. АХО;37;все в офисе;0;;пришлите срочно пожелания!;"Коллеги! 
Третий раз прошу всех переслать свои пожелания по закупке офисной мебели и планы по ремонту, я из-за вас не могу бюджет сдать нормальный. Всем, кто уже прислал - спасибо! Жду до конца сегодняшнего дня.  
С уваженим, Хозин.";0;4;W;игнорировать;распознал не задачу;;;;;;;;;;;;;;;;;;;;;;;;;;;;;;;;;;;;;;;;;;;;;;;;;;0;0;;;;;;;;;;;;;;;;;;;;;;;;;;;;;;;;;;;;;;;;;;;;;;;;;;;;;;;;;;;;;;;;;;;0;;0
M8;04.10.2012;11:01;10;Нач.IT ;1;герой;0;0;!проблема с сервером!;"Алексей, срочный вопрос! 

Мы протестировали ваш сервер на предмет восстановления и ап-грейда. Ребята возились с ним почти неделю, к сожалению, восстановлению и ремонту он не подлежит! Нужно менять срочно! 

В нашем бюджете денег на смену сервера не предусмотрено. Я так понимаю, ты тоже такого форс-мажора не предвидел?!

Пиши служебку на деньги. Надо ХХ тыс. на ЕХ5 сервер (менее мощный покупать бессмысслено). 

Протянешь - будем разгребать проблемы с потерей информации. Мне ваши объемы информации хранить негде. 

Всего, Семен";0;1;N;написать служебку сразу;Распознавание срочной (форс-мажорной) задачи на 3 мин. Выполняет сразу.;MS20;;;;;;;;;;;;;;;;;;;;;;;;;;;;;;;;;;;;;;;;;;;;;;;;;0;1;;;;;;;;;;;;;;;;;;;;;;;;;;;;;;;;;;;;;;;;;;;;;;;;;;;;;;;;;;;;;;;;;;;1;;0
M9;04.10.2012;;4;Аналитик 2;1;герой;0;0;Презентация для ГД_рабочая версия;"Добрый день! 

Пересылаю пока сырую презентацию для ГД.  Что делать дальше мне ясно. Устраивает ли вас структура? Все данные для ее заполнения у меня готовы. Постараюсь завершить работу к 15.30. 

С уважением, Марина Крутько 
Аналитик Отдела аналитики.";D6;2;N;молодец, продолжай, жду итог в 15.30;ничего;;;;;;;;;;;;;;;;;;;;;;;;;;;;;;;;;;;;;;;;;;;;;;;;;;;0;;;;;;;;;;;;;;;;;;;;;;;;;;;;;;;;;;;;;;;;;;;;;;;;;;;;;;;;;;;;;;;;;;;0;;0
M10;04.10.2012;15:30;4;Аналитик 2;1;герой;0;0;Презентация для ГД_итог;Алексей, пересылаю итоговую версию презентации для ГД. Я бы еще поработала над оформлением, но суть уже закончена и можно показывать. Жду обратной связи. С уважением, Марина Крутько Аналитик Отдела аналитики.;D5;1;R;начать проверку презы;обратная связь;МS37;;;;;;;;;;;;;;;;;;;;;;;;;;;;;;;;;;;;;;;;;;;;;;;;;0;1;;;;;;;;;;;;;;;;;;;;;;;;;;;;;;;;;;;;;;;;;;;;;;;;;;;;;;;;;;;;;;;;;;;1;;0
M11;04.10.2012;;4;Аналитик 2;1;герой;0;0;Презентация для ГД_драфт версия;"Отправляю все, что есть. Версия черновая. 

С уважением, Марина Крутько Аналитик Отдела аналитики.";D4;2;N; - не нужно идти по ветке, которая приводит к получению этого письма;ничего;;;;;;;;;;;;;;;;;;;;;;;;;;;;;;;;;;;;;;;;;;;;;;;;;;;0;;;;;;;;;;;;;;;;;;;;;;;;;;;;;;;;;;;;;;;;;;;;;;;;;;;;;;;;;;;;;;;;;;;0;;0
M12;04.10.2012;;2;финдир;1;герой;0;0;Звонок нач.производства Бобра В.;"Прошу не отвлекать меня от работы по вопросам, относящимся к твоей зоне ответственности.  Спроси у меня еще как цифры в excel поменять! 
Денежная Р.Р.";0;5W;W;;ничего;;10;;;;;;;;;;;;;;;;;;;;;;;;;;;;;;;;;;;;;;;;;;;;;;;;0;0;;;;;;;;;;;;;;;;;;;;;;;;;;;;;;;;;;;;;;;;;;;;;;;;;;;;;;;;;;;;;;;;;;;0;;0
M31;04.10.2012;;12;нач.логистики;1;герой;0;0;re: бюджет от логистики;"Привет, Алексей! Проверяю. Как будет готов - перешлю. 
Удачи, Трудякин";0;5W;W;;ничего;;;;;;;;;;;;;;;;;;;;;;;;;;;;;;;;;;;;;;;;;;;;;;;;;;0;0;;;;;;;;;;;;;;;;;;;;;;;;;;;;;;;;;;;;;;;;;;;;;;;;;;;;;;;;;;;;;;;;;;;0;;0
M33;04.10.2012;;12;нач.логистики;1;герой;0;0;re:re:re: бюджет от логистики;"Прекрати отвлекать от работы! 
Трудякин.";0;5W;W;;ничего;;;;;;;;;;;;;;;;;;;;;;;;;;;;;;;;;;;;;;;;;;;;;;;;;;0;0;;;;;;;;;;;;;;;;;;;;;;;;;;;;;;;;;;;;;;;;;;;;;;;;;;;;;;;;;;;;;;;;;;;0;;0
M34;04.10.2012;;12;нач.логистики;1;герой;0;0;бюджет логистики;"Алексей! Пересылаю бюджет логистики на 02 год. 
С уважением, Трудякин.";D17;1;N;;ничего;;;;;;;;;;;;;;;;;;;;;;;;;;;;;;;;;;;;;;;;;;;;;;;;;;0;0;;;;;;;;;;;;;;;;;;;;;;;;;;;;;;;;;;;;;;;;;;;;;;;;;;;;;;;;;;;;;;;;;;;0;;0
M41;04.10.2012;;12;нач.логистики;1;Герой;0;0;форма по задаче от логистики, срочно!;"Алексей, прикрепляю форму для выгрузки данных. 
Сделайте точно в этом разрезе по прошедшим девяти месяцам 01 года. 
Спасибо за помощь! 
Трудякин.";D11;1;N;Задача Т7;выполнение задачи;MS42;;;;;;;;;;;;;;;;;;;;;;;;;;;;;;;;;;;;;;;;;;;;;;;;;0;1;;;;;;;;;;;;;;;;;;;;;;;;;;;;;;;;;;;;;;;;;;;;;;;;;;;;;;;;;;;;;;;;;;;1;;0
M43;04.10.2012;;3;аналитик 1;12;Трудякин;1;герой;выгрузка для логистов;"Добрый день! Заполнил вашу форму. Есть ли вопросы? 
Всего доброго, Трутнев С.";D12;1;N;Задача Т7;ничего;;;;;;;;;;;;;;;;;;;;;;;;;;;;;;;;;;;;;;;;;;;;;;;;;;0;0;;;;;;;;;;;;;;;;;;;;;;;;;;;;;;;;;;;;;;;;;;;;;;;;;;;;;;;;;;;;;;;;;;;0;;0
M44;04.10.2012;;3;аналитик 1;1;герой;0;0;выгрузка для логистов;"Вот, сделал. Смотрите. 
С уваженим, Трутнев С.";D12;1;N;Задача Т7;ничего;;;;;;;;;;;;;;;;;;;;;;;;;;;;;;;;;;;;;;;;;;;;;;;;;;0;0;;;;;;;;;;;;;;;;;;;;;;;;;;;;;;;;;;;;;;;;;;;;;;;;;;;;;;;;;;;;;;;;;;;0;;0
M47;04.10.2012;11:15;25;клиент;1;герой;0;0;данные по рынку, срочно нужна помощь!;"Привет, Алексей! 

У меня просьба, срочная! 
Пришли, пожалуйста, данные по динамике рынка за 00 - 01 год (рост объемов продаж). Даже если вы исследований не делаете, то у вас процентов 50% всего рынка представлено в закупках. Легко можно экстраполировать на весь рынок. 

Без этих данных я не могу проверить корректность нашего бюджета. У меня на все осталось пять дней. 

Очень нужно, не подведи! 

Заранее благодарю, Иван Доброхотов 
Нач.отдела аналитики ОАО ""Терминал""";0;2;N;Задача на делегирование ТЕ3.2 менее 3 минут, делегирует сразу при прочтении;выполнение задачи;MS46;;;;;;;;;;;;;;;;;;;;;;;;;;;;;;;;;;;;;;;;;;;;;;;;;0;1;;;;;;;;;;;;;;;;;;;;;;;;;;;;;;;;;;;;;;;;;;;;;;;;;;;;;;;;;;;;;;;;;;;1;;0
M56;04.10.2012;15:05;11;нач.производства;1;герой;0;0;новый бюджет по производству;"Уважаемый Алексей! 
Приношу извинения еще раз! Как я сказал по телефону, здесь нет нашей прямой вины. Очень постараемся не допускать такого в будущем году. Прошу Вас рассмотреть и включить новую версию в сводный бюджет. 
С глубочайшим уважением, Бобр В.";D7;1;N;Т3.4;выполнение задачи;;;;;;;;;;;;;;;;;;;;;;;;;;;;;;;;;;;;;;;;;;;;;;;;;;0;0;;;;;;;;;;;;;;;;;;;;;;;;;;;;;;;;;;;;;;;;;;;;;;;;;;;;;;;;;;;;;;;;;;;0;;0
M60;04.10.2012;16:01;19;бухгалтерия;1;герой;37;все в офисе;обновление информации;"Коллеги!         
Просим всех сотрудников обновить информацию о номерах своих пенсионных свидетельтв. Часть из вас не сдала свидетельства еще с прошлого года!
Обращаем ваше внимание, что следующая зп не будет начислена, если данные не будут представлены или обновлены.  
Бухгалтерия.
";0;5;W;;распознал не задачу, поглотитель;;;;;;;;;;;;;;;;;;;;;;;;;;;;;;;;;;;;;;;;;;;;;;;;;;0;0;;1;;;;;;;;;;;;;;;;;;;;;;;;;;;;;;;;;;;;;;;;;;;;;;;;;;;;;;;;;;;;;;;;;0;;0
M61;04.10.2012;16:45;24;Серков А.Т.;1;герой;37;все в офисе;re:обновление информации;"Уважаемая бухгалтерия!  
Я передал вам информацию дважды, и вы все время ее теряете! Больше давать данные не стану - это дело принципа! Каждый должен выполнять свою работу: моя работа - заниматься производством, ваша - хранить данные!
Серков А.Т.";0;5;W;;поглотитель;;;;;;;;;;;;;;;;;;;;;;;;;;;;;;;;;;;;;;;;;;;;;;;;;;0;0;;1;;;;;;;;;;;;;;;;;;;;;;;;;;;;;;;;;;;;;;;;;;;;;;;;;;;;;;;;;;;;;;;;;0;;0
M62;04.10.2012;17:03;19;бухгалтерия;1;герой;37;все в офисе;re:re:обновление информации;"Уважаемый Г-н Серков! 
Ваши данные у нас есть. Можете не предоставлять. Однако не все в офисе столь же сознательные и ответственные. А данные ваша были утрачены не по вине бухгалтерии, а по причине отвратительно организованного переезда в новый офис. 
Бухгалтерия.";0;5;W;;поглотитель;;;;;;;;;;;;;;;;;;;;;;;;;;;;;;;;;;;;;;;;;;;;;;;;;;0;0;;1;;;;;;;;;;;;;;;;;;;;;;;;;;;;;;;;;;;;;;;;;;;;;;;;;;;;;;;;;;;;;;;;;0;;0
M63;04.10.2012;17:17;14;Нач. АХО;1;герой;37;все в офисе;re:re:re:обновление информации;"Уважаемая бухгалтерия! 
Давайте не поднимать давно забытый скандал! Вы же даже сами тогда извинялись за свои необоснованные претензии. Для того, чтобы сохранить важные данные, их надо складывать в отведенные для этого места! 
Нач.АХО, Хозин.";0;5;W;;поглотитель;;;;;;;;;;;;;;;;;;;;;;;;;;;;;;;;;;;;;;;;;;;;;;;;;;0;0;;1;;;;;;;;;;;;;;;;;;;;;;;;;;;;;;;;;;;;;;;;;;;;;;;;;;;;;;;;;;;;;;;;;0;;0
M64;04.10.2012;16:10;29;ckorkin;1;герой;0;0;есть лишний билет ;"Леша, здорово!
Есть лишний билет на матч Лиги чемпионов Спартак-Барселона в сектор С. Поедешь с нами? Давно не виделись. Ответь срочно! 
Олег 
";0;5;W;;распознал не задачу;;;;;;;;;;;;;;;;;;;;;;;;;;;;;;;;;;;;;;;;;;;;;;;;;;0;0;;1;;;;;;;;;;;;;;;;;;;;;;;;;;;;;;;;;;;;;;;;;;;;;;;;;;;;;;;;;;;;;;;;;0;;0
M65;04.10.2012;17:23;17;отдел персонала ;1;герой;0;0;вакцинация! ;"Уважаемые коллеги, 
в понедельник в офисе будет проведена вакцинация. Время вакцинации вашего отдела с 10 до 12 в большой переговорной. Стоимость вакцинации включена в вашу страховку. Всем, кто не пройдет вакцинацию, больничный оплачиваться не будет.  
Отдел персонала ";0;3;W;переслать аналитикам для информирования ;предоставляет подчиненным важную информацию;MS65;;;;;;;;;;;;;;;;;;;;;;;;;;;;;;;;;;;;;;;;;;;;;;;;;0;1;;;;;;;;;;;;;;;;;;;;;;;;;;;;;;;;;;;;;;;;;;;;;;;;;;;;;;;;;;;;;;;;;;;1;;0
M66;04.10.2012;15:03;17;отдел персонала ;1;герой;38;все менеджеры;новый сотрудник ;"Уважаемые коллеги, 
к нашей компании присоединился новый сотрудник - - главный экономист - Сергей Иванович. Сергей Иванович работал в компании “LTD” более 10 лет. Прошу вас найти время и встретиться с ним, чтобы познакомиться и помочь войти в курс дела. 
Отдел  персонала";0;5;W;;распознал не задачу, поглотитель;;;;;;;;;;;;;;;;;;;;;;;;;;;;;;;;;;;;;;;;;;;;;;;;;;0;0;;1;;;;;;;;;;;;;;;;;;;;;;;;;;;;;;;;;;;;;;;;;;;;;;;;;;;;;;;;;;;;;;;;;0;;0
M67;04.10.2012;16:17;30;serjio;1;герой;0;0;ДР отца;"Леха, привет, братан!  Ты не забыл, что отцу 60 в конце этого месяца? Надо придумать подарок и организовать ресторан. Ты дернешь в отпуск - а я все буду делать один? Так не пойдет! Подарок я куплю, а ресторан бери на себя! Нам надо разместить человек двадцать, лучше без музыки и рядом с домом родителей - чтобы пешком. Найдешь - пиши адрес, я всех приглашу, так уж и быть!  
Серый. 
P.S.Как думаешь, дядю Андрея приглашать? Он же брат, только вот они с отцом не очень...";0;3;W;;распознал и определил категорию задачи;;;;;;;;;;;;;;;;;;;;;;;;;;;;;;;;;;;;;;;;;;;;;;;;;;0;0;;;;;;;;;;;;;;;;;;;;;;;;;;;;;;;;;;;;;;;;;;;;;;;;;;;;;;;;;;;;;;;;;;;0;;0
M68;04.10.2012;16:45;19;бухгалтерия;1;герой;37;все в офисе;срок действия карты;"Коллеги,  просим вас проверить дату истечения ваших кредитных карт. Сообщите нам, если ваша карта истекает в этом месяце, чтобы мы могли во время заняться перевыпуском. Напоминаем, если данные от вас не поступают, мы считаем, что ваша карта не нуждается в перевыпуске! 
Бухгалтерия";0;5;W;;распознал не задачу, поглотитель;;;;;;;;;;;;;;;;;;;;;;;;;;;;;;;;;;;;;;;;;;;;;;;;;;0;0;;1;;;;;;;;;;;;;;;;;;;;;;;;;;;;;;;;;;;;;;;;;;;;;;;;;;;;;;;;;;;;;;;;;0;;0
M69;04.10.2012;17:48;31;Степанов С.А.;1;герой;0;0;вакансия ;"Алексей, приветствую.

Мы не знакомы лично. Ваш адрес мне дал наш общий знакомый с самыми лучшими рекомендациями вашего профессионализма.
 
Я руковожу фирмой “Легкий полет”, мы ищем опытного аналитика и менеджера для нашего планового отдела из 5 человек. 

Было бы вам интересно обсудить возможность другой работы? 

С уважением,
Степанов Сергей ";0;5;W;;распознал не задачу, поглотитель;;;;;;;;;;;;;;;;;;;;;;;;;;;;;;;;;;;;;;;;;;;;;;;;;;0;0;;1;;;;;;;;;;;;;;;;;;;;;;;;;;;;;;;;;;;;;;;;;;;;;;;;;;;;;;;;;;;;;;;;;0;;0
M70;04.10.2012;15:55;32;Петрова М.;1;герой;0;;встреча выпускников в эту пятницу ;"Дорогие мои, 
надо чаще встречаться, как говорится в слогане известного пива. В эту пятницу будет 5 лет со дня нашего выпуска. Вы, конечно, все очень серьезные и занятые люди, но отказать мне не имеете права. Жду всех (я имею в виду всех, и тебя Леша, и тебя Ксюша) в 19.00 в Парке Культуры возле Бурана. Я подготовла для вас сюрприз. 
Только немного намекну... “Он капитан, и родина его Марсель...” Помните?! 
Всех целую,
ваша вечная староста, 
Марина ";0;5;W;;распознал и определил категорию задачи;;;;;;;;;;;;;;;;;;;;;;;;;;;;;;;;;;;;;;;;;;;;;;;;;;0;0;;1;;;;;;;;;;;;;;;;;;;;;;;;;;;;;;;;;;;;;;;;;;;;;;;;;;;;;;;;;;;;;;;;;0;;0
M71;04.10.2012;13:03;13;Директор по персоналу;1;герой;0;0;короткая просьба;"Алексей, 
перешли мне. плз., описание позиции ""Аналитик"", по которому мы Лошадкина искали. Что-то не могу его у себя в компе найти, удалила что-ли...
Надеюсь, за твой отпуск продвинемся и к твоему возвращению будет у тебя несколько кандидатов на встречу. Время сейчас хорошее.
Удачи,
Людовкина С.";0;2;R;быстро отправить, задача на 3 мин., выполнить сразу;ничего;MS63;;;;;;;;;;;;;;;;;;;;;;;;;;;;;;;;;;;;;;;;;;;;;;;;;0;1;;;;;;;;;;;;;;;;;;;;;;;;;;;;;;;;;;;;;;;;;;;;;;;;;;;;;;;;;;;;;;;;;;;1;;0
M72;04.10.2012;14:03;15;Точных А.К.;1;герой;0;0;отчет срочно!;"Алексей, добрый день! 

Мы проводим комплексный анализ работы подразделения в регионе С. В том числе нас интересует складской остаток на 01 число каждого месяца за весь текущий год. 

Огромная просьба подготовить этот отчет в ближайшие дни. Моя командировка закончится в понедельник, а мне еще надо провести инвентаризацию на базе данных, которые будут в этом отчете.

Спасибо за помощь,
Андрей Точных
Нач.службы внутреннего аудита";0;2;R;делегировать работу по подготовке отчета Трутневу для выполнения завтра;распознал и определил категорию задачи, делегировал с достаточным объемом информации; MS67;;;;;;;;;;;;;;;;;;;;;;;;;;;;;;;;;;;;;;;;;;;;;;;;;0;1;;;;;;;;;;;;;;;;;;;;;;;;;;;;;;;;;;;;;;;;;;;;;;;;;;;;;;;;;;;;;;;;;;;1;;0
M73;04.10.2012;11:35;20;Каменский В.П.;1;герой;0;0;обучение регионального аналитика;"Алексей, приветствую!
Я взял на работу регионального аналитика, как мы и договаривались. Надеюсь, что теперь у нас будут значительно быстрее проводится все операции. Вы мне обещали его натаскать и задать корпоративный стандарт работы. Он весь ваш!
С уважением,
Каменский В.П.
Исполнительный директор регионального подразделения Д";0;3;R;ответить да, но через 2 недели, внести в план связь по скайпу с аналитиком из региона. ;распознал задачу и категорию;P28;;;;;;;;;;;;;;;;;;;;;;;;;;;;;;;;;;;;;;;;;;;;;;;;;1;0;;;;;;;;;;;;;;;;;;;;;;;;;;;;;;;;;;;;;;;;;;;;;;;;;;;;;;;;;;;;;;;;;;;1;;0
M74;04.10.2012;15:00;23;Петрашевич И.Ю.;1;герой;0;0;запрос Крутько;"Добрый день,

Ваша сотрудница М.Крутько прислана нам запрос на закупку нескольких фото файлов. Говорит, что нужны для презентации. Мы так не работаем. Нам нужен запрос от руководителя отдела и вообще-то это оформляется через служебку. Вы подтверждаете, что ей нужны файлы?

Отдел рекламы и оформления
Петрашевич И.";0;2;R;быстро ответить, что да, файлы ей нужны;задача менее 3 минут, выполняет сразу по прочтении;MS64;;;;;;;;;;;;;;;;;;;;;;;;;;;;;;;;;;;;;;;;;;;;;;;;;0;1;;;;;;;;;;;;;;;;;;;;;;;;;;;;;;;;;;;;;;;;;;;;;;;;;;;;;;;;;;;;;;;;;;;1;;0
M75;04.10.2012;17:17;12;нач.логистики;1;герой;0;0;адрес клиента;"Алексей,
а дай-ка мне адресок какого-нибудь положительного клиента. Хочу ему пару вопросов задач, чтобы представить весь объем моих работ по проекту.

Спасибо,
Трудякин";0;2;R;быстро ответить с адресом Ивана Доброхотова;задача менее 3 минут, выполняет сразу по прочтении;MS60;;;;;;;;;;;;;;;;;;;;;;;;;;;;;;;;;;;;;;;;;;;;;;;;;0;1;;;;;;;;;;;;;;;;;;;;;;;;;;;;;;;;;;;;;;;;;;;;;;;;;;;;;;;;;;;;;;;;;;;1;;0
M76;04.10.2012;12:23;22;Мягков Ю.;1;герой;0;0;привет;"Алексей, привет!
Ты меня спрашивал несколько дней назад когда я смогу тебе показать работу аналитической надстройки, что прислали наши подрядчики. Могу сегодня. Тебе в 4-5 дня подойдет?

Мягков Юра";0;3;R;быстро ответить, что сегодня нет  - у ГД, да и завтра нет, потому после отпуска;задача менее 3 минут, выполняет сразу по прочтении;MS61;;;;;;;;;;;;;;;;;;;;;;;;;;;;;;;;;;;;;;;;;;;;;;;;;0;1;;;;;;;;;;;;;;;;;;;;;;;;;;;;;;;;;;;;;;;;;;;;;;;;;;;;;;;;;;;;;;;;;;;1;;0
M77;04.10.2012;13:48;33;организатор Иванова О.И.;1;герой;0;0;по вашей заявке;"Уважаемый Алексей!

Вы направляли в адрес нашей конференции заявку на участие в роли спикера. 

Заявленная вами тема показалась оргкомитету актуальной и заслуживающей внимания.

Просим вас подготовить тезисы вашего выступления и переслать их в наш адрес не позднее 30 октября.

Благодарим за ваше участие, 
Организационный комитет конференции ""Аналитика и бизнес""
Иванова О.И.";0;3;W;внести в план подготовку тезисов;ничего;P29;;;;;;;;;;;;;;;;;;;;;;;;;;;;;;;;;;;;;;;;;;;;;;;;;1;0;;;;;;;;;;;;;;;;;;;;;;;;;;;;;;;;;;;;;;;;;;;;;;;;;;;;;;;;;;;;;;;;;;;1;;0
MSY10;03.10.2012;16:20;1;герой;2;ФД;0;0;Отчет для Правления;"Раиса Романовна, добрый вечер!

Во вложении файл с отчетом для Правления. Дайте знать, пожалуйста, есть ли замечания, постараюсь внести коррективы к дате встречи Правления. 

С уважением,
Федоров А.";D9;0;N;0;ничего;;;;;;;;;;;;;;;;;;;;;;;;;;;;;;;;;;;;;;;;;;;;;;;;;;;;;;;;;;;;;;;;;;;;;;;;;;;;;;;;;;;;;;;;;;;;;;;;;;;;;;;;;;;;;;;;;;;;;;0;;0
MS10;04.10.2012;;1;герой;2;ФД;0;0;Отчет для Правления - исправленный;"Раиса Романовна, 

Во вложении скорректированный файл с отчетом для Правления.  

С уважением,
Федоров А.";D10;0;W;TXT;ничего;;;;;;;;;;;;;;;;;;;;;;;;;;0;;;;;;;;;;;;;;;;;;;;;;;;;;;;0;;;;;;;;;;;;;;;;;;;;;;;;;;;;;;;;;;;;;;;;;;;;;;;;;;;;;;;;;;;;;;;;0;;0
MS20;04.10.2012;;1;герой;2;ФД;0;0;служебная записка по серверу. Срочно!;Служебная записка;0;0;R;R4;ПРОЗ, внимание к деталям;;;;;;;;;;;;;;;;;;;;;;;1;;;;;;;;;;;;;;;;;1;;;;;;;;;;;;;;1;;;;;1;;;;;;;;;;;;;;;;;;;;;;;;;;;;;;;;;;;;;;;;;;;;1;;;;;;;;;1;;;;;;0;;1
MS21;04.10.2012;;1;герой;4;А2;0;;Сводный бюджет;"Марина,

во вложении - файл Сводного бюджета. Как мы и говорили, задача срочная. У нас есть всего три часа. Будут вопросы - обращайся!

С уважением,
А.Федоров";D1;0;W;TXT;ничего;;;;;;;;;;;;;;;;;;;;;;;;;;;;;;;;;;;;;;;;;;;;;;;;;;;;;;0;;;;;;;;;;;;;;;;;;;;;;;;;;;;;;;0;;;;;;;;;;;;1;;;;;;;;;;;;;;;;;;;;;0;;0
MS22;04.10.2012;;1;герой;3;А1;0;0;Сводный бюджет;"Сергей,

во вложении - файл Сводного бюджета. Как мы и говорили, задача срочная. У нас есть всего три часа. Будут вопросы - обращайся!

С уважением,
А.Федоров";D1;0;W;TXT;ничего;;;;;;;;;;;;;;;;;;;;;;;;;;;;;;;;;;;;;;;;;;;;;;;;;;;;;;0;;;;;;;;;;;;;;;;;;;;;;;;;;;;;;;0;;;;;;;;;;;;1;;;;;;;;;;;;;;;;;;;;;0;;0
MS23;04.10.2012;;1;герой;3;А1;0;;Методика формирования сводного бюджета;"Сергей,

во вложении - Методика формирования сводного бюджета. Думаю, она поможет ответить на все твои вопросы. Если что не понятно - обращайся!

С уважением,
А.Федоров";D3;0;W;TXT;ничего;;;;;;;;;;;;;;;;;;;;;;;;;;;;;;;;;;;;;;;;;;;;;;;;;;;;;;0;;;;;;;;;;;;;;;;;;;;;;;;;;;;;;;0;;;;;;;;;;;;;;;;;;;;;;;;;;;;;;;;;0;;0
MS25;04.10.2012;;1;герой;6;ГД;0;;Презентация на выставку;"Уважаемый Валерий Семенович,

во вложении - Презентация на выставку. 

Готов ответить на Ваши вопросы и дать комментарии!

С уважением,
А.Федоров";D4;0;R;TXT;ничего;;;;;;;;;;;;;;;;;;;;;;;;;;;;;;;;;;;;;;;;;;;;;;;;;;;;;;1;;;;;;;;;;;;;;;;;;;;;;;;;;;;;;;;;;;;;;;;;;;;;;;;;;;;;;;;;;;;;;;;0;;1
MS25;04.10.2012;;1;герой;6;ГД;0;;Презентация на выставку;"Уважаемый Валерий Семенович,

во вложении - Презентация на выставку. 

Готов ответить на Ваши вопросы и дать комментарии!

С уважением,
А.Федоров";D5;0;R;TXT;ничего;;;;;;;;;;;;;;;;;;;;;;;;;;;;;;;;;;;;;;;;;;;;;;;;;;;;;;1;;;;;;;;;;;;;;;;;;;;;;;;;;;;;;;;;;;;;;;;;;;;;;;;;;;;;;;;;;;;;;;;0;;1
MS25;04.10.2012;;1;герой;6;ГД;0;;Презентация на выставку;"Уважаемый Валерий Семенович,

во вложении - Презентация на выставку. 

Готов ответить на Ваши вопросы и дать комментарии!

С уважением,
А.Федоров";D6;0;R;TXT;ничего;;;;;;;;;;;;;;;;;;;;;;;;;;;;;;;;;;;;;;;;;;;;;;;;;;;;;;1;;;;;;;;;;;;;;;;;;;;;;;;;;;;;;;;;;;;;;;;;;;;;;;;;;;;;;;;;;;;;;;;0;;1
MS27;04.10.2012;;1;герой;3;А1;0;;Fwd: Проблема с сервером!;"Сергей! 
Прочти сообщение ниже и срочно подготовь служебку на получение денег для сервера на имя Денежной. 

С уважением,
Федоров А.

";0;0;W;TXT;ничего;;;;;;;;;;;;;;;;;;;;;;;;;;;;;;;;;;;;;;;;;;;;;;;;;;;;;;0;;;;;;;;;;;;;;;;;;;;;;;;;;;;;;;0;;0;;;;;;;;;;1;;;;;;;;;;;;;;;;;;;;;0;;0
MS28;04.10.2012;;1;герой;11;нач.производства;0;;бюджет производства прошлого года;"Уважаемый Василий,

я нашел для вас последнюю итоговую версию бюджета производства прошлого года. Она во вложении.

Всего доброго,
Федоров А.";D8;0;W;TXT;ничего;;;;;;;;;;;;;;;;;;;;;;;;;;;;;;;;;;;;;;;;;;;;;;;;;;;;;;0;;;;;;;;;;;;;;;;;;;;;;;;;;;;;;0;0;;;;;;;;;;;;;;;;;;;;;;;;;;;;;;;;;0;;0
MS29;04.10.2012;;1;герой;3;А1;0;;задача: бюджет производства прошлого года;"Сергей,

прошу тебя найти последнюю итоговую версию бюджета производства на 01 год и переслать ее Начальнику производственного отдела  Василию Бобру. Поставь меня в копию, пожалуйста.

С уважением,
Федоров А.";0;0;R;TXT;ничего;;;;;;;;;;;;;;;;;;;;;;;;;;;;;;;;;;;;;;;;;;;;;;;;;;;;;;1;;;;;;;;;;;1;;;;;;;;;;;;;;;;;;;1;;;;;;;;;;;;;;;;;;;;;;;;;;;;;;;;;;0;;1
MS30;04.10.2012;;1;герой;12;Нач. Логистики;0;;бюджет логистики;"Егор, приветствую!

Несмотря на прошедший срок сдачи, так и не получил от вас бюджет логистики на 02 год. Надеюсь, что ты понимаешь, что отсутствие вашего бюджета задерживает весь процесс бюджетирования и формирования сводного. От меня требуется подготовить и сдать сводный бюджет в течение трех часов. Срочно жду от тебя бюджет логистики! 

С уважением,
Федоров А.";0;0;W;TXT;ничего;;;;;;;;;;;;;;;;;;;;;;;;;;;;;;;;;;;;;;;;;0;;;;;;;;;;;;;0;;;;;;;;;;;;;;;;;;;;;;;;;;;;;;;;;;;;;;;;;;;;;;;;;;;;;;;;;;;;;;;;0;;0
MS32;04.10.2012;;1;герой;12;Нач. Логистики;0;;re:re: бюджет от логистики;"Егор, 

все возможные сроки реакции на мою просьбу уже прошли! Я требую немедленно предоставить бюджет логистики или мне придется информировать Генерального директора о несоблюдении регламента. 

С уважением,
Федоров А.";0;0;W;TXT;ничего;;;;;;;;;;;;;;;;;;;;;;;;;;;;;;;;;;;;;;;;;0;;;;;;;;;;;;;0;;;;;;;;;;;;;;;;;;;;;;;;;;;;;;;;;;;;;;;;;;;;;;;;;;;;;;;;;;;;;0;;;0;;0
MS35;04.10.2012;;1;герой;2;ФД;0;;Сводный бюджет;Вот сводный бюджет. Файл прикреплен;D18;0;R;R1;ничего;;;;;;;;;;;;;;;;;;;;;;;;;;;;;;;;;;;;;;;;;;;;;;;;;;;;;;1;;;;;;;;;;;;;;;;;;;;;;;;;;;;;;;;;;;;;;;;;;;;;;;;;;;;;;;;;;;;;;;;0;;1
MS36;04.10.2012;;1;герой;2;ФД;0;;Сводный бюджет: итоговые корректировки;Вот новый сводный бюджет. Изменения следующие….Файл прикреплен;D19;0;R;R2;ПРОЗ;;;;;;;;;;;;;;;;;;;;;;;;;;;;;;;;;;;;;;;;;;;;;;;;;;;;;;1;;;;;1;;;;;;;;;;;;;;;;;;;;;;;;;;;;;;;;;;;;;;;;;;;;;;;;;;;;;;;;;;;0;;1
MS57;04.10.2012;;1;герой;4;А2;0;;re: преза для ГД, наброски;"Марина,

я посмотрел наброски к презентации. Все в порядке, продолжай! Жду итоговый вариант к 15.30.

С уважением,
Федоров А.";0;0;R;TXT;;;;;;;;;;;;;;;;;;;;;;;;;;;;;;;;;;;;;;;;;;;;;;;;;;;;;;;1;;;;;;;;;;;;;;;;;;;;;;;;;;;;;;;;;;;;;;;;;;;;;;;;;;;;;;;;;;;;;;;;0;;1
MS37;04.10.2012;;1;герой;4;А2;0;;re: Преза для ГД, итог;хорошо, продолжай, о результатах встречи расскажу;0;0;R;R7;ничего;;;;;;;;;;;;;;;;;;;;;;;;;;;;;;;;;;;;;;;;;;;;;;;;;;;;;;1;;;;;;;;;;;;;;;;;;;;;;;;;;;;;;;;;;;;;;;;;1;;;;;;;;;;;;;;;;;;;;;;;0;;1
MS38;04.10.2012;;1;герой;4;А2;0;;итог встречи по презентации для ГД;все хорошо, Босс доволен, ты - молодец;0;0;R;R8;обратная связь;;;;;;;;;;;;;;;;;;;;;;;;;;;;;;;;;;;;;;;;;;;;;;;;;;;;;;1;;;;;;;;;;;;;;;;;;;;;;;;;;;;;;;;;;;;;;;;;1;;;;;;;;;;;;;;;;;;;;;;;0;;1
MS39;04.10.2012;;1;герой;4;А2;0;;Презентация для ГД: распечатать;Распечатай столько-то к такому-то числу, в цвете. ;0;0;R;R9;дает подчиненным необходимую информацию;;;;;;;;;;;;;;;;;;;;;;;;;;;;;;;;;;;;;;;;;;;;;;;;;;;;;;1;;;;;;;;;;;;;;;;;;;;;;;;;;;;;;1;;;;;;1;;;;;;;;;;;;;1;;;;;;;;;;;;;;;0;;1
MS58;04.10.2012;;1;герой;3;А1;0;;Задача отдела логистики;"Сергей,

несколько дней назад логисты просили сделать для них выгрузку. Мы обсуждали с тобой эту задачу и сроки ее исполнения. Сегодня - срок сдачи работы. Перешли мне то, что у тебя получилось в ближайшие тридцать минут, пожалуйста. 

С уважением,
Федоров А.";0;0;W;TXT;не верный канал коммуникаций;;;;;;;;;;;;;;;;;;;;;;;;;;;;;;;;;;;;;;;;;0;;;;;;;;;;;;;0;;;;;;;;;;;;;;;;;;;;;;;;;;;;;;;;;;;;;;;;;;;;;;;;;;;;;;;;;;;;;;;;0;;0
MS42;04.10.2012;;1;герой;3;А1;0;;Fwd: форма по задаче от логистики, срочно!;Логисты хотят получить данные в приложенной форме. За последние 9 месяцев. Сделай срочно! Думаю, что пару часов тебе хватит. Вложен пример формы.;D11;0;R;R6;ПРОЗ,дает подчиненным необходимую информацию;;;;;;;;;;;;;;;;;;;;;;;;;;;;;;;;;;;;;;;;1;;;;;;;;;;;;;;1;;;;;1;;;;;;;;;;;;;;;;;;;;;;;;;1;;;;;;1;;;;;;;;;;;;;;;;;;;;;;;;;;;;0;;1
MS45;04.10.2012;;1;герой;12;Трудякин;0;;re: форма по задаче от логистики, срочно!;"Егор,

во вложении - форма о твоему запросу. 

Мы сделали срочно, как ты и просил.

Сообщи, пожалуйста, все ли вас устраивает и не осталось ли вопросов по этому заданию.

С уважением,
Федоров А.";D12;0;R;TXT;ничего;;;;;;;;;;;;;;;;;;;;;;;;;;;;;;;;;;;;;;;;1;;;;;;;;;;;;;;1;;;;;;;;;;;;;;;;;;;;;;;;;;;;;;;;;;;;;;;;;;;;;;;;;;;;;;;;;;;;;;;;0;;1
MS46;04.10.2012;;1;герой;3;А1;0;;Fwd: данные по рынку, срочно нужна помощь!;По задаче ТЕ3.2 Подготовь отчет по данным от наших клиентов - по всему рынку. В нем должно быть отражено…..  И отправь Ивану Доброхотову - я в копии.;0;0;R;R5;ПРОЗ, дает подчиненным необходимую информацию;;;;;;;;;;;;;;;;;;;;;;;;;;;;;;;;;;;;;;;;;;;;;;;;;;;;;;1;;;;;1;;;;;;;;;;;;;;;;;;;;;;;;;1;;;;;;1;;;;;;;;;;;;;;;;;;;;;;;;;;;;0;;1
MS48;04.10.2012;;1;герой;2;ФД;0;;Динамика производственных затрат;По задаче ТRC6 (o доле производственных затрат). Должен написать точно тему, хорошо струткурировать письмо. Сдлеть эту работу срочно после звонка.;0;0;R;R3;внимание к деталям;;;;;;;;;;;;;;;;;;;;;;;;;;;;;;;;;;;;;;;;;;;;;;;;;;;;;;1;;;;;1;;;;;;1;;;;;;;;;;;;;;;;;;;;1;;;;;;;;;;;;;;;;;;1;;;;;;;;;;;;;;;0;;1
MS49;04.10.2012;;1;герой;9;Директор по продажам;0;;Бюджетирование в дирекции продаж;Давайте встретимся. У меня есть информация по процессу вашего бюджета. Есть что обсудить.ИЛИ  Разговаривал с вашим нач.отдела продаж региона А. Он рассказал о вашей системе планирования. Это безобразие! Это не верный метод. Вы таким образом ставите под угрозу бюджет всей компании. Дайте мне слово, что все поменяете, иначе я буду жаловаться ФД!;0;0;W;W12;правильный выбор канала коммуникаций;;;;;;;;;;;;;;;;;;;;;;;;;;;;;;;;;;;;;;;;;0;;;;;;;;;;;;;0;;;;;;;;;;;;;;;;;;;;;;;;;;;;;;;;;;;;;;;;;;;;;;;;;;;;;;;;;;;;;;;;0;;0
MS50;04.10.2012;;1;герой;2;ФД;0;;Жалоба;Жалоба на ОК. Эти козлы время не согласовывают, а потом меня еще пугают!;0;0;W;B1;ничего;;;;;;;;;;;;;;;;;;;;;;;;;;;;;;;;;;;;;;;;;;;;;;;;;;;;;;0;;;;;;;;;;;;;;;;;;;;;;;;;;;;;;;;;;;;;;;;;;;;;;;;;;;;;;;;;;;;;0;;;0;;0
MS51;04.10.2012;;1;герой;7;ассистент ГД;0;;Данные по распечатке презентаций;"Наталья Тимофеевна,

Босс просил уточнить у вас следующую информацию относительно его презентации на выставке:
1. Сколько копий нам надо распечатать.
2. Кому передать распечатанные копии.
3. Когда они должны быть переданы.

Спасибо за информацию,
Федоров А.";0;0;R;TXT;ничего;;;;;;;;;;;;;;;;;;;;;;;;;;;;;;;;;;;;;;;;1;;;;;;;;;;;;;;1;;;;;;;;;;;;;;;;;;;;;;;;;;;;;;;;;;;;;;;;;;;;;;;;;;;;;;;;;;;;;;;;0;;1
MS54;04.10.2012;;1;герой;3;А1;0;;Отчет по 3 кварталу;Стандартная работа по подготовке отчета по 3 кв. Начинай с продаж. К моему возвращению отчет должен быть у меня на проверку.;0;0;W;W1;распознал и определил категорию задачи;;;;;;;;;;;;;;;;;;;;;;;;;;0;;;;;;;;;;;;;;;;;;;;;;;;;;;;0;;;;;;;;;;;;;;;;;;;;;;;;;;;;;;;;;;;;;;;;;;1;;;;;;;;;;;;;;;;;;;;;;0;;0
MS55;04.10.2012;;1;герой;39;все аналитики;0;;Приглашение: новая система премирования;"Коллеги,

завтра, в 12.00, приглашаю вас в мой кабинет для презентации новой системы премирования на 4 квартал.

С уважением,
Федоров А.";0;0;R;TXT;пригласил заранее на встречу;;;;;;;;;;;;;;;;;;;;;;;;;;;;;;;;;;;;;;;;;;;;;;;;;;;;;;1;;;;;;;;;;;;;1;;;;;;;;;;;;;;;;;;;;;;;;;;;;;;;;;;;;;;;;;;;;;;;;;;;0;;1
MS40;04.10.2012;;1;герой;9;Директор по продажам;2,11,12;фин.диру, нач.отдела производства, нач.отдела логистики;re:срочно! Отчетность;ответить всем и предложить встретиться для обсуждения этого вопроса, в неправильной версии - разъяснения, что аналитика понимает важность продаж, что отчетность сейчас собирается долго т.к. Не автоматизирован процесс сбора данных с клиентов, а мы этим сейчас занимаемся...;0;0;R;R10;канал коммуникаций - цель встречи и кол-во участников, ПРОЗ;;;;;;;;;;;;;;;;;;;;;;;;;;;;;;;;;;;;;;;;;;1;;;;;;;;;;;;1;;;;;1;;;;;;;;;;;;;;;;;;;;;;;;;;;;;;;;;;;;;;;;;;;;;;;;;;;;;;;;;;;0;;1
MS52;04.10.2012;;1;герой;9;Директор по продажам;2,11,12,10;фин.диру, нач.отдела производства, нач.отдела логистики, нач.ИТ;re:срочно! Требования клиентов;предложить директору по продажам выяснить у других клиентов - так ли это у всех, если да, то выносить на общее обсуждение с участием наших ИТ-ков;0;0;R;R11;сложно\срочно, канал коммуникаций для такого типа вопросов;;;;;;;;;;;;;;;;;;;;;;;;;;;;;;;;;;;;;;;;;;1;;;;;;;;;;;;1;;;;;1;;;;;;;;;;;;;;;;;;;;;;;;;;;;;;;;;;;;;;;;;;;;;;;;;;;;;;;;;;;0;;1
MS53;04.10.2012;;1;герой;2;ФД;0;;план на завтра;"Раиса Романовна

Прикрепляю мой план на завтра. Завтра я должен уйти в 16.00, как я уже говорил вам ранее.

С уважением,
Федоров А.";D20;0;R;TXT;ничего;;;;;;;;;;;;;;;;;;;;;;;;;;;;;;;;;;;;;;;;;;;;;;;;;;;;;;1;;;;;;;;;;;;;;;;;;;;;;;;;;;;;;;;;;;;;;;;;;;;;;;;;;;;;;;;;;;;;;;;0;;1
MS65;04.10.2012;;1;герой;39;все аналитики;0;;Fwd: вакцинация! ;"Коллеги, вам нужно пройти вакцинацию в понедельник. Запланируйте в своих календарях, пожалуйста.

С уваженим,
Федоров А.
";0;0;R;TXT;ничего;;;;;;;;;;;;;;;;;;;;;;;;;;;;;;;;;;;;;;;;;;;;;;;;;;;;;;1;;;;;;;;;;;;;1;;;;;;;;;;;;;;;;;;;;;;;1;;;;;;;;;;;;;;;;;;;;;;;;;;;;0;;1
MS66;04.10.2012;;1;герой;15;Точных А.К.;0;;re: отчет срочно!;"Аркадий, приветствую!

Отчет сделаем. Данные будут у тебя завтра во второй половине дня.

Удачи,
Федоров А.";0;0;R;TXT;ничего;;;;;;;;;;;;;;;;;;;;;;;;;;;;;;;;;;;;;;;;;;;;;;;;;;;;;;1;;;;;;;;;;;;;;;;;;;;;;;;;;;;;;;;;;;;;;;;;;;;;;;;;;;;;;;;;;;;;;;;0;;1
MS67;04.10.2012;;1;герой;3;А1;0;;Fwd: отчет срочно!;"Сергей, 

включи это задание в свой план работ, пожалуйста. Тебе необходимо выгрузить складской остаток в регионе С на 01 число каждого месяца с января по октябрь этого года. 

Прошу выполнить задание до двух дня, чтобы я мог его посмотреть перед отправкой. 

Спасибо,
Федоров А.";0;0;R;R13;дает подчиненным необходимую информацию;;;;;;;;;;;;;;;;;;;;;;;;;;;;;;;;;;;;;;;;;;;;;;;;;;;;;;1;;;;;;;;;;;;;;;;;;;;;;;;;;;;;;1;;;;;;1;;;;;;;;;;;;;;;;;;;;;;;;;;;;0;;1
MS62;04.10.2012;;1;герой;20;Каменский В.П.;0;;re: обучение регионального аналитика;"Добрый день, Виктор Петрович!

Очень рад, что вы нашли аналитика!

Непременно помогу вам с его обучением и адаптацией. Завтра с четрех я в отпуске, а потому, запланирую разговор с ним на первые дни недели после отпуска. ";0;0;R;R16;ПРОЗ;;;;;;;;;;;;;;;;;;;;;;;;;;;;;;;;;;;;;;;;;;;;;;;;;;;;;;1;;;;;1;;;;;;;;;;;;;;;;;;;;;;;;;;;;;;;;;;;;;;;;;;;;;;;;;;;;;;;;;;;0;;1
MS63;04.10.2012;;1;герой;13;Директор по персоналу;0;;re: короткая просьба;Хорошо, лови.;D13;0;R;B1;;;;;;;;;;;;;;;;;;;;;;;;;;;;;;;;;;;;;;;;;;;;;;;;;;;;;;;1;;;;;;;;;;;;;;;;;;;;;;;;;;;;;;;;;;;;;;;;;;;;;;;;;;;;;;;;;;;;;;;;0;;1
MS64;04.10.2012;;1;герой;23;Петрашевич И.Ю.;0;;re: запрос Крутько;Да, сделайте. Подтверждаю.;0;0;R;B1;распознавание задачи менее 3 мин;;;;;;;;;;;;;;;;;;;;;;;;;;;;;;;;;;;;;;;;;;;;;;;;;;;;;;1;;;;;;;;;;;;;;;;;;;;;;;;;;;;;;;;;;;;;;;;;;;;;;;;;;;;;;;;;;;;;;;;0;;1
MS60;04.10.2012;;1;герой;12;Нач. Логистики;0;;re: адрес клиента;Адрес ниже.;0;0;R;B1;распознавание задачи менее 3 мин;;;;;;;;;;;;;;;;;;;;;;;;;;;;;;;;;;;;;;;;;;;;;;;;;;;;;;1;;;;;;;;;;;;;;;;;;;;;;;;;;;;;;;;;;;;;;;;;;;;;;;;;;;;;;;;;;;;;;;;0;;1
MS61;04.10.2012;;1;герой;22;Мягков Ю.;0;;re: привет;Привет, Юра! Сегодня и завтра, к сожалению, не могу. Давай запланируем после отпуска.;0;0;R;B1;распознавание задачи менее 3 мин;;;;;;;;;;;;;;;;;;;;;;;;;;;;;;;;;;;;;;;;;;;;;;;;;;;;;;1;;;;;;;;;;;;;;;;;;;;;;;;;;;;;;;;;;;;;;;;;;;;;;;;;;;;;;;;;;;;;;;;0;;1
MS68;04.10.2012;;1;герой;4;А2;0;;встреча с ГД по презентации;"Марина,

Босс сегодня встречаться не смог, а завтра он на выезде. Потому прошу тебя встретиться с ним в понедельник в 10.00 для пояснений по презентации. Презентацию ему я уже отправил.

Не волнуйся, я уверен, что ты справишься.

Спасибо,
Федоров А.";0;0;W;TXT;ничего;;;;;;;;;;;;;;;;;;;;;;;;;;;;;;;;;;;;;;;;;;;;;;;;;;;;;;0;;;;;;;;;;;;;;;;;;;;;;;;;;;;;;;;1;;;;;;;;;;;;;;;;;;;;;;;;;;;;;;;;0;;0
MS69;04.10.2012;;1;герой;12;Нач. Логистики;0;;квартальный план;"Егор, во вложении моя версия квартального плана.

С уважениям,
Федоров А.";D2;0;R;TXT;ничего;;;;;;;;;;;;;;;;;;;;;;;;;;;;;;;;;;;;;;;;;;;;;;;;;;;;;;1;;;;;;;;;;;;;;;;;;;;;;;;;;;;;;;;;;;;;;;;;;;;;;;;;;;;;;;;;;;;;;;;0;;1
MS70;04.10.2012;;1;герой;3;А1;0;;ошибка в отчете для правления;"Сергей,

ты сделал ошибку в отчете для Правления, а я ее проустил. Опять получил сегодня выговор от Денежной. Исправь немедленно и пришли мне новую версию отчета.

Федоров А.";0;0;W;TXT;ничего;;;;;;;;;;;;;;;;;;;;;;;;;;;;;;;;;;;;;;;;;;;;;;;;;;;;;;0;;;;;;;;;;;;;;;;;;;;;;;;;;;;;;;;1;;;;;;;;;;;;;;;;;;;;;;;;;;;;;;;;0;;0
